"title","category_name","view_count","like_count","comment_count","published_at","thumbnail_url","tags","subscriber_count","video_count","is_weekend","video_length"
"Rap Viá»‡t 2024 Táº­p 6: Bigteam 2.0 xuáº¥t tráº­n ""giáº£i Ä‘á»‘ cÃ¡c phÃ©p toÃ¡n"" khai máº¡c vÃ²ng Äá»‘i Äáº§u","Music",3834082,72389,6261,"2024-10-26 14:00:06","https://i.ytimg.com/vi/i0RPJmHLj3s/hqdefault.jpg","vie channel,rapper,underground,the rapper,rapper viá»‡t,suboi,justatee,big daddy,thÃ¡i vg,rap viá»‡t full,rap viá»‡t táº­p 6,rap viá»‡t 2024,rap viet 2024,Rap Viá»‡t 2024,rap viá»‡t 2024 má»›i nháº¥t,rap viet tap 6,rap viá»‡t 2024 táº­p 6,táº­p 6 rap viá»‡t 2024,tap 6 rap viet 2024,rap viá»‡t má»›i nháº¥t,rap viet mua 4,thai vg,karik,team big daddy,rap viá»‡t mÃ¹a 4 táº­p 6,rap viet 4,hieuthuhai,hieuthuhai rap viá»‡t,bigteam 2.0,cá»™ng,trá»«,nhÃ¢n,chia,team bigdaddy,vÃ²ng Ä‘á»‘i Ä‘áº§u,7dnight",11000000,11071,True,"2:08:11"
"T1 vs GEN (BO5) | CKTG 2024 - BÃ¡n Káº¿t 2 | 27.10.2024","Entertainment",3178699,32239,490,"2024-10-27 16:41:41","https://i.ytimg.com/vi/QphkgnxZ-oE/hqdefault.jpg","",696000,1623,True,"3:58:32"
"REAL MADRID - BARCELONA | Ká»ŠCH Báº¢N KHÃ”NG TÆ¯á»NG NGAY Táº I EL CLASICO LÆ¯á»¢T ÄI | LALIGA EA SPORTS 24/25","Sports",2350762,36402,3303,"2024-10-26 22:09:18","https://i.ytimg.com/vi/bg1hLsLpwYI/hqdefault.jpg","SCTV,sctv,sctv thá»ƒ thao,ssport,sctv17,sctv15,thá»ƒ thao,bÃ³ng Ä‘Ã¡,sá»± kiá»‡n thá»ƒ thao,laliga santander,highlight bÃ³ng Ä‘Ã¡,laliga",163000,2792,True,"0:15:28"
"ROSEÌ & Bruno Mars - APT. (Official Music Video)","Music",176675107,6705977,313749,"2024-10-18 04:00:07","https://i.ytimg.com/vi/ekr2nIex040/hqdefault.jpg","YG Entertainment,YG,ì™€ì´ì§€,K-pop,BLACKPINK,ë¸”ë™í•‘í¬,ë¸”í•‘,ë¡œì œ,RosÃ©,BLINK,ë¸”ë§í¬,bruno mars,APT.,apt,apartment game,meet me at the,meet me at the apt,bruno mars rose apt,rose,rosesarerosie,rose apt,rose apt music video,rose apt video,rose bruno mars,rose bruno mars kiss,rose kiss",10100000,27,False,"0:02:54"
"Báº¡n má»›i láº¡ lÃ¹ng | NhÃ  Ä‘iÃªn vui nhá»™n táº­p 22 | TÃ´m channel official #Shorts","Gaming",2579921,43137,109,"2024-10-22 04:15:01","https://i.ytimg.com/vi/aHlEy8795Ag/hqdefault.jpg","tÃ´m,tÃ´m official,tÃ´m channel official,tÃ´m tiktok,tÃ´m review,tiktok tÃ´m,tÃ´m vlog,tom hÃ i hÆ°á»›c,tÃ´m tiktok hÃ i,tÃ´m channel,tiktok hÃ i hÆ°á»›c,tÃ´m hÃ i hÆ°á»›c,phim ngáº¯n hÃ i hÆ°á»›c,phim hÃ i ngáº¯n,phim hÃ i ngáº¯n hay,phim hÃ i ngáº¯n viá»‡t nam,phim ngáº¯n hÃ i,phim ngáº¯n,sitcom hÃ i,vietnam sitcom,phim hai sitcom viet nam,sitcom,hÃ i hÆ°á»›c,video hÃ i,video hÃ i hÆ°á»›c,phim hÃ i sitcom,sitcom ngáº¯n,nhÃ  Ä‘iÃªn vui nhá»™n,nhÃ  Ä‘iÃªn,nhÃ  vui nhá»™n,nhÃ  thÆ°Æ¡ng Ä‘iÃªn,nhÃ  vui",1600000,785,False,"0:01:00"
"Friends make memories together part 2  | TrÃ  Äáº·ng #short #bestfriend #bff #tiktok","Entertainment",60270629,1394406,1248,"2024-10-17 05:31:13","https://i.ytimg.com/vi/rm-4EtvByhA/hqdefault.jpg","trÃ  Ä‘áº·ng,tra dang,trÃ  Ä‘áº·ng cover,trÃ  Ä‘áº·ng tik tok,tra dang tiktok,tra dang tik tok,trÃ  Ä‘áº·ng official,tra dang compilation,tra dang tiktok compilation,tik tok trÃ  Ä‘áº·ng,trÃ  Ä‘áº·ng tiktok,tiktok biáº¿n hÃ¬nh trÃ  Ä‘áº·ng,trÃ  Ä‘áº·ng vÃª vÃª,Friends make memories together,tra dang and her sister,tra dang tram do,tra dang baby,tra dang 904 tiktok,memes compilation,beautiful compilation,tik tok dance,trÃ  Ä‘áº·ng cá»±c ngáº§u,cosplayer,trÃ  Ä‘áº·ng nháº£y,trÃ  Ä‘áº·ng ngáº§u",1460000,254,False,"0:00:18"
"2 NgÃ y 1 ÄÃªm MÃ¹a 3 - Táº­p 69: DÆ°Æ¡ng LÃ¢m tá»± tin â€œÄ‘Ã¡ sÃ¢n nhÃ â€, Kiá»u Minh Tuáº¥n â€œnÃ¢ng giÃ¡â€ cÆ°á»i má»“i","Entertainment",1535942,45121,4015,"2024-10-27 13:40:06","https://i.ytimg.com/vi/krJbgklRtec/hqdefault.jpg","dong tay promotion,Ä‘Ã´ng tÃ¢y promotion,htv,tvshow,gameshow,2 ngay 1 dem,2 ngÃ y 1 Ä‘Ãªm viá»‡t nam,2 ngay 1 dem viet nam,2 days 1 night,trÆ°á»ng giang,kiá»u minh tuáº¥n,cris phan,dÆ°Æ¡ng lÃ¢m,lÃª dÆ°Æ¡ng báº£o lÃ¢m,ngÃ´ kiáº¿n huy,duong lam,2 ngÃ y 1 Ä‘Ãªm full,bts 2 ngÃ y 1 Ä‘Ãªm,háº­u trÆ°á»ng 2 ngÃ y 1 Ä‘Ãªm mÃ¹a 3,HIEUTHUHAI,hai ngÃ y má»™t Ä‘Ãªm,2n1d,2 ngÃ y 1 Ä‘Ãªm mÃ¹a 3 táº­p 68,2 ngÃ y 1 Ä‘Ãªm mÃ¹a 3 táº­p 19,2 ngÃ y 1 Ä‘Ãªm táº­p 68,2 ngÃ y 1 Ä‘Ãªm mÃ¹a lá»… há»™i 2024,2 ngay 1 dem mua le hoi 2024",9470000,8156,True,"2:07:06"
"MISS GRAND INTERNATIONAL 2024  GRAND FINAL","Entertainment",15697680,286204,6251,"2024-10-25 15:44:42","https://i.ytimg.com/vi/ReD8i61RZdI/hqdefault.jpg","à¸¡à¸´à¸ªà¹à¸à¸£à¸™à¸”à¹Œ,à¸¡à¸´à¸ªà¹à¸à¸£à¸™à¸”à¹Œà¹„à¸—à¸¢à¹à¸¥à¸™à¸”à¹Œ,miss grand thailand,miss grand,à¸™à¸²à¸‡à¸‡à¸²à¸¡,à¸›à¸£à¸°à¸à¸§à¸”à¸™à¸²à¸‡à¸‡à¸²à¸¡,à¸“à¸§à¸±à¸’à¸™à¹Œ,à¸¡à¸´à¸ªà¹à¸à¸£à¸™à¸”à¹Œà¹„à¸—à¸¢à¹à¸¥à¸™à¸”à¹Œ 2023,à¸¡à¸´à¸ªà¹à¸à¸£à¸™à¸”à¹Œà¹„à¸—à¸¢à¹à¸¥à¸™à¸”à¹Œ 2024,à¸šà¹‰à¸²à¸™à¹à¸à¸£à¸™à¸”à¹Œ,Miss Grand International,mgt,GrandTV",2060000,2218,False,"3:36:00"
"ai lÃ  thá»§ pháº¡m Äƒn vá»¥ng chÃ¢n gÃ ?","People & Blogs",965872,14872,100,"2024-10-26 09:45:03","https://i.ytimg.com/vi/zB9UnlAwA0k/hqdefault.jpg","hÃ nh tinh Ä‘á»“ chÆ¡i,toy planet,anh tÃ³c xanh,anh bá»‘n máº¯t,chÃ¢n gÃ ,ai lÃ  thá»§ pháº¡m",118000,185,True,"0:00:36"
"A PÃO CÃƒI LÃ Vá»šI CÃN Bá»˜ - 4 #shrots","Entertainment",6922593,66598,379,"2024-10-16 04:05:16","https://i.ytimg.com/vi/aMxvY0IldwM/hqdefault.jpg","",1290000,1181,False,"0:01:00"
"Äá»ˆNH CAO Cá»¦A LIÃŠN QUÃ‚N MOBILE !! SAIGON PHANTOM LÃŠN NGÃ”I VÃ” Äá»ŠCH Láº¦N THá»¨ 9 | ÄTDV MÃ™A ÄÃ”NG 2024","Gaming",2987511,25619,378,"2024-10-27 15:44:07","https://i.ytimg.com/vi/zcW4ExwxraI/hqdefault.jpg","garena liÃªn quÃ¢n,liÃªn quÃ¢n mobile,liÃªn quÃ¢n,Ä‘áº¥u trÆ°á»ng danh vá»ng,garena liÃªn quÃ¢n mobile,aov,garena,Saigon Phantom,Esports,trá»±c tiáº¿p liÃªn quÃ¢n,trá»±c tiáº¿p giáº£i liÃªn quÃ¢n,esport liÃªn quÃ¢n,chung káº¿t liÃªn quÃ¢n,trá»±c tiáº¿p game,dau truong danh vong,dtdv mua xuan 2024,vong bang dtdv,dtdv 2024,giai dau lien quan,xem giáº£i liÃªn quÃ¢n,saigon phantom,team flash,gg live,vong bang lien quan,chung ket apl,chung ket apl 2024,aimag 2021,boc tham aimag 2021",5290000,8895,True,"4:20:31"
"3 máº¹ con Ä‘á»•i iphone 16 pro max láº¥y xe Ã´ tÃ´ Ä‘iá»‡n 3 bÃ¡nh siÃªu há»i !!","People & Blogs",1143849,15522,19,"2024-10-24 12:14:39","https://i.ytimg.com/vi/pDRmEdSJ4U0/hqdefault.jpg","XE ÄIá»†N Máº NH PHÃT,xe Ä‘áº¡p Ä‘iá»‡n cÅ©,xe mÃ¡y Ä‘iá»‡n cÅ©,xe Ä‘áº¡p Ä‘iá»‡n giÃ¡ ráº»,XE ÄIá»†N,Máº NH PHÃT,XE ÄIá»†N THÃ”NG MINH,XE Äáº P ÄIá»†N,XE ÄIá»‡n,review xe Ä‘iá»‡n,review xe Ä‘áº¡p Ä‘iá»‡n,REVIEW XE ÄIá»†N,REVIEW XE Äáº P ÄIá»†N,mua bÃ¡n xe Ä‘iá»‡n,mua bÃ¡n xe Ä‘iá»‡n cÅ©,bÃ¡n xe Ä‘iá»‡n,mua xe Ä‘iá»‡n,XE ÄIá»†N GIÃ Ráºº,máº¡nh phÃ¡t,xe Ä‘iá»‡n máº¡nh phÃ¡t,@XeDienManhPhat",145000,2001,False,"0:01:00"
"á»ª THÃŒ CHIA TAY - CAPTAIN BOY ft. RHYDER | OFFICIAL MV","Music",3135010,204773,43642,"2024-10-23 12:00:08","https://i.ytimg.com/vi/ZNVVMlZbzVk/hqdefault.jpg","captain,captain boy,rhyder,rhycap,caption,captian,Ä‘á»©c duy,underdog,underdogs,hoÃ ng Ä‘Æ°ucs duy,hoÃ ng Ä‘á»©c duy,duc huy,the voice kid,nguyá»…n quang anh,quang anh,caprhy,say hi,chÃ¢n thÃ nh,anh trai say hi,hÃ¹ng huá»³nh,mv debut,á»« thÃ¬ chia tay,u thi chia tay,utct,á»« thÃ¬,chia tay,á»«,thÃ¬,chia,tay,official mv,rap viá»‡t,mÃ¹a 3,rolling down,quÃªn dáº§n quÃªn,anh mong em sáº½ cá»‘ quÃªn,anh mong em se co quen,amescq,qdq,cá»«u,cá»«u cÃ³ cÃ¡nh,cuu co canh,fan captain,kim tá»­ thÃ¡p",141000,86,False,"0:04:37"
"Minecraft nhÆ°ng Báº¡n Cho MÃ¬nh Hiá»‡u á»¨ng Äá»ƒ ThoÃ¡t Raâ€¦","Entertainment",853066,116062,132,"2024-10-26 14:09:46","https://i.ytimg.com/vi/Zat3bmUtveA/hqdefault.jpg","",567000,231,True,"0:00:49"
"The Joker and the Angel fell into the hole, but luckily Harley Quinn rescued them #Angel","People & Blogs",32882177,477152,250,"2024-10-22 23:00:04","https://i.ytimg.com/vi/A_25Ak4qtzw/hqdefault.jpg","è¶…äººå¤«å¦‡,ç¾æ¼«,è¶…äºº,èœ˜è››ä¾ ,äºŒæ¬¡å…ƒ,é‡‘åˆš,æ€ªå…½,æ–—ç½—å¤§é™†,å”ä¸‰,å°èˆ",5970000,1782,False,"0:00:20"
"MÃ¡y phÃ¡t hiá»‡n nÃ³i dá»‘i","People & Blogs",3031451,132253,632,"2024-10-19 11:08:34","https://i.ytimg.com/vi/o4TuCX6VbJY/hqdefault.jpg","",1130000,95,True,"0:00:59"
"#shaolinkungfu","Entertainment",1754181,21083,33,"2024-10-21 03:03:30","https://i.ytimg.com/vi/sE06oUxJFlY/hqdefault.jpg","",129000,664,False,"0:00:24"
"* when the enemy has weapons [Nam PhÆ°Æ¡ng] #namphuong #shorts #kungfu #martialarts #fighting #shaolin","Entertainment",16022157,230358,712,"2024-10-23 15:01:02","https://i.ytimg.com/vi/vWsgTlpRfSE/hqdefault.jpg","nam phÆ°Æ¡ng,nam phuong,vÃµ thuáº­t Ä‘iá»‡n áº£nh,huáº¥n luyá»‡n vÃµ thuáº­t Ä‘iá»‡n áº£nh,vÃµ thuáº­t,vÃµ hiá»‡n Ä‘áº¡i,diá»…n viÃªn hÃ nh Ä‘á»™ng,ngÃ´i sao vÃµ thuáº­t,trung tÃ¢m vÃµ,há»c vÃµ,tá»± vá»‡,eagle,shorts,lá»›p dáº¡y vÃµ,siÃªu nhÃ¢n,phim hanh dong vo thuat,phim vÃµ thuáº­t,tá»± vá»‡ thá»±c chiáº¿n,eagles academy,tiktok,Ä‘iá»‡n áº£nh,Ä‘Ã³ng tháº¿,huáº¥n luyá»‡n,diá»…n viÃªn Ä‘Ã³ng tháº¿,vÃ  cÃ¡i káº¿t,nhÃ o lá»™n Ä‘Æ°á»ng phá»‘,tik tok,ben eagle,ben,nam phÆ°Æ¡ng eagles academy,diá»…n viÃªn nam phÆ°Æ¡ng,nam phÆ°Æ¡ng tiktok",10800000,3939,False,"0:00:59"
"Æ  láº¡ nhá»‰ #tinhlong #shorts #comedy","Comedy",858428,31110,480,"2024-10-24 05:00:49","https://i.ytimg.com/vi/nbv9hNL_eA4/hqdefault.jpg","tinh long,tinh long tiktok,tinh long hÃ i,hÃ i ngáº¯n tiktok,hÃ i ngáº¯n,video hÃ i hÆ°á»›c,hÃ i tiktok 2022,coi cáº¥m cÆ°á»i,tiktok hÃ i,troll,tinh long tiktoker hÃ i hÆ°á»›c,funny video,funny,funny troll,cÃ  khá»‹a funny,táº¥u hÃ i,tiktok cÃ  khá»‹a,tiktoktinhlong,tiktoker tinh long,shorts,comedy,tinh long comedy,tinh long fake situation,tinh long official,tinh long short comedy,tinh long short,tinh long prank,funny prank,tinh long funny challenge,comedy skit",1010000,303,False,"0:00:12"
"Chá»‹ Äáº¹p Äáº¡p GiÃ³ 2024 - Táº­p 1 | Má»¹ Linh & Thu PhÆ°Æ¡ng TRá» Láº I, SÃ‚N KHáº¤U RA Máº®T cá»§a 30 CHá»Š Äáº¸P báº¯t Ä‘áº§u!","Entertainment",1723647,44332,5766,"2024-10-26 13:30:07","https://i.ytimg.com/vi/FH8jhZYLY6I/hqdefault.jpg","Chá»‹ Äáº¹p Äáº¡p GiÃ³ 2024,Chá»‹ Äáº¹p Äáº¡p GiÃ³,Chá»‹ Äáº¹p 2024,Chá»‹ Äáº¹p mÃ¹a 2,Chi Dep Dap Gio,Chi Dep Dap Gio 2024,ChiDep,ChiDepDapGio,ChiDepDapGio2024,chá»‹ Ä‘áº¹p Ä‘áº¡p giÃ³ 2024,chá»‹ Ä‘áº¹p 2024,chá»‹ Ä‘áº¹p táº­p 1,chá»‹ Ä‘áº¹p Ä‘áº¡p giÃ³ ráº½ sÃ³ng,chá»‹ Ä‘áº¹p Ä‘áº¡p giÃ³ ráº½ sÃ³ng mÃ¹a 2,Ä‘áº¡p giÃ³ ráº½ sÃ³ng,chá»‹ Ä‘áº¹p mÃ¹a 2,mÃ¹a 2 chá»‹ Ä‘áº¹p,chá»‹ Ä‘áº¹p Ä‘áº¡p giÃ³ táº­p 1,chá»‹ Ä‘áº¹p Ä‘áº¡p giÃ³ 2024 táº­p 1,táº­p 1 chá»‹ Ä‘áº¹p Ä‘áº¡p giÃ³,táº­p 1 chá»‹ Ä‘áº¹p mÃ¹a 2,má»¹ linh chá»‹ Ä‘áº¹p mÃ¹a 2,thu phÆ°Æ¡ng trá»Ÿ láº¡i chá»‹ Ä‘áº¹p,30 chá»‹ Ä‘áº¹p ra máº¯t",445000,1772,True,"3:11:20"
"Táº·ng tÃºi mÃ¹ táº·ng tÃºi mÃ¹ táº·ng tÃºi mÃ¹","Entertainment",1059888,35200,1523,"2024-10-24 02:11:04","https://i.ytimg.com/vi/DEJeoF5fihc/hqdefault.jpg","nmt vlogs,nmt vlog,nguyá»…n minh trÆ°á»ng,nmt,mnt,ntm vlogs,mnt vlogs,mtn vlogs,nmtvlog99,nmt tiktok,tiktok nmt,tiktok,tik tok,tiktok giáº£i trÃ­,gia Ä‘Ã¬nh báº¥t á»•n,báº¥t á»•n,hÃ i hÆ°á»›c,giáº£i trÃ­,tony tv,ntn vlog,gia dinh bat on,hÃ i,vlog hÃ i,hÃ i nhÃ  lÃ m,hÃ i gia Ä‘Ã¬nh,hÃ i báº¥t á»•n,hÃ i má»›i,phim hÃ i,bÃ  tuyáº¿t diamond,táº¯t mÃ¡y tháº¥y ngÆ°á»i,Äƒn váº·t bÃ  tuyáº¿t,an vat ba tuyet,Ä‘á»“ Äƒn váº·t,que cay,que cay bÃ  tuyáº¿t",941000,881,False,"0:00:18"
"HoÃ ng HÃ´n | Äu Trend TÃ³c Máº¹ Báº¡c MÃ u MÃ¢y MÃ  Láº¡ Láº¯m #Shorts","Entertainment",2495966,38161,376,"2024-10-19 11:26:13","https://i.ytimg.com/vi/Sv8cBO8y03g/hqdefault.jpg","hoÃ ng hÃ´n,hoang hon,hoÃ ng hÃ´n official,hoÃ ng hÃ´n tiktok,tá»•ng há»£p tiktok,tá»•ng há»£p tik tok triá»‡u view,táº¥u hÃ i,tiktok,best of tiktok,tiktok 2024,tik tok,tiktok trend,tiktok viá»‡t nam,trÃ o lÆ°u tik tok,tá»•ng há»£p clip hÃ i tik tok,clip hÃ i tik tok,clip hÃ i tiktok,hot tiktok,hot tiktoker,tá»•ng há»£p trend tiktok,tiktok nhiá»u view nháº¥t,shorts,comedy,funny,trend tiktok,há»c sinh,Äu Trend TÃ³c Máº¹ Báº¡c MÃ u MÃ¢y MÃ  Láº¡ Láº¯m",1580000,749,True,"0:00:19"
"Human vs Jet Engine","Entertainment",156096528,6390801,7988,"2024-10-17 19:00:00","https://i.ytimg.com/vi/ZNt_GoOBHq8/hqdefault.jpg","",324000000,823,False,"0:00:19"
"Máº¸ YÃŠU CON - NhÃ  TINH HOA (Tiáº¿t Má»¥c NhÃ³m) CHUNG Káº¾T | ANH TRAI VÆ¯á»¢T NGÃ€N CHÃ”NG GAI 2024","Music",2535982,130214,32056,"2024-10-20 03:00:26","https://i.ytimg.com/vi/_lIu6T3Bp2I/hqdefault.jpg","Yeah1 music,nháº¡c anh trai,anh trai vÆ°á»£t ngÃ n chÃ´ng gai,show anh trai,show anh trai vÆ°á»£t ngÃ n chÃ´ng gai,anh trai chÃ´ng gai,anh trai vÆ°á»£t má»i chÃ´ng gai,anh trai,anh tÃ i,anh tai,chung káº¿t anh trai vÆ°á»£t ngÃ n chÃ´ng gai,tiÃ©t má»¥c nhÃ  tinh hoa,nhÃ  thinh hoa,tinh hoa,máº¹ yÃªu con,máº¹ yÃªu con nhÃ  tinh hoa,nhÃ  tinh hoa máº¹ yÃªu con,nha tinh hoa,me yeu con,máº¹ yÃªu con chung káº¿t,chung káº¿t máº¹ yÃªu con,nhÃ  tinh hoa,tiáº¿t má»¥c nhÃ  tinh hoa,máº¹ yÃªu con tiáº¿t má»¥c chung káº¿t",3260000,1276,True,"0:06:01"
"Bá»‘ng bá»‘ng bang bang","People & Blogs",1105238,18638,37,"2024-10-22 11:43:30","https://i.ytimg.com/vi/EzWcohKmHWw/hqdefault.jpg","",1130000,95,False,"0:00:49"
"Rap Viá»‡t 2024 Táº­p 5: Lá»™ diá»‡n nhá»¯ng chiáº¿n binh cuá»‘i cÃ¹ng khÃ©p láº¡i vÃ²ng Chinh Phá»¥c","Music",4254694,126864,4170,"2024-10-20 14:00:06","https://i.ytimg.com/vi/4gAo0WSPqoM/hqdefault.jpg","vie channel,rapper,underground,the rapper,rapper viá»‡t,rap viá»‡t trá»Ÿ láº¡i,suboi,justatee,big daddy,thÃ¡i vg,rap viá»‡t full,rap viá»‡t táº­p 4,rap viá»‡t 2024,rap viet 2024,Rap Viá»‡t 2024,rap viá»‡t 2024 má»›i nháº¥t,rap viet tap 5,rap viá»‡t 2024 táº­p 5,táº­p 5 rap viá»‡t 2024,tap 5 rap viet 2024,rap viá»‡t má»›i nháº¥t,rap viet mua 4,thai vg,fhero,karik,team suboi,team karik,team big daddy,vÃ²ng chinh phá»¥c,rap viá»‡t mÃ¹a 4 táº­p 5,rap viet 4,CoolKid,Queen B,YP,MRZ,Billy100",11000000,11071,True,"1:31:19"
"excited to see what shorts ideas yâ€™all come up with for apt.ğŸ’— brought to you by youtube shorts","People & Blogs",64731310,2775138,23283,"2024-10-18 15:00:46","https://i.ytimg.com/vi/5VhmJaKV10c/hqdefault.jpg","",10100000,27,False,"0:00:28"
"ÄÃ´ RÃª Mon LÃºc 3 Giá» SÃ¡ng | Sheep #shorts","Entertainment",626243,10552,46,"2024-10-26 04:35:19","https://i.ytimg.com/vi/BFnT9aYKm0w/hqdefault.jpg","sheep,rÃºt,sheep chÆ¡i game,sheep reaction,sheep huggy,sheep poppy playtime,sheep fnaf,sheep tiktok,tiktok sheep,sheep sÃºp bá»,sheepfarm,sheep ká»ƒ chuyá»‡n ma,game kinh dá»‹,creepy game,creepypasta game,horror game,sheep chÆ¡i game kinh dá»‹,reaction game kinh dá»‹,doraemon,Ä‘Ã´ rÃª mon,Ä‘Ã´ rÃª mon lÃºc 3 giá» sÃ¡ng,doraemon at 3am,shorts",3920000,557,True,"0:00:18"
"MONO - 'ChÄƒm Hoa' (Official Music Video)","Music",2823632,111859,4138,"2024-10-22 12:00:42","https://i.ytimg.com/vi/WCm2elbTEZQ/hqdefault.jpg","mono,mono official,mono 22,album 22,album 22 mono,mono album 22,22,mono chÄƒm hoa,mono má»›i nháº¥t,chÄƒm hoa official mv,cham hoa,mono cham hoa,cham hoa mono,chÄƒm hoa lyric,chÄƒm hoa mono,official music video,chÄƒm hoa karaoke,Ä‘i tÃ¬m tÃ¬nh yÃªu,karaoke cham hoa,cham hoa live,cham hoa tiktok,mono mv,mono nhac,tuyen tap mono,mono album,album mono,official mv,nhac moi,nhac moi nhat,nhac tre,mv moi,chÄƒm hoa,di tim tinh yeu mono,yt:cc=on",603000,85,False,"0:04:20"
"A PÃO CÃƒI LÃ Vá»šI CÃ”NG AN GIAO THÃ”NG - 2 #shrots","Entertainment",5569944,40957,159,"2024-10-14 03:28:12","https://i.ytimg.com/vi/i-2LhJamMpU/hqdefault.jpg","",1290000,1181,False,"0:01:00"
"VÃ´ tri tháº­t #painting #vanphongpham #meohay","People & Blogs",1636587,24281,100,"2024-10-19 11:37:50","https://i.ytimg.com/vi/rRQ4YpKvNwk/hqdefault.jpg","acrylic marker,trÃ² vÃ´ tri,nghá»‡ thuáº­t marker,cÃ¡ch váº½ vá»›i acrylic marker,váº½ sÃ¡ng táº¡o,máº¹o dÃ¹ng acrylic marker,nghá»‡ thuáº­t acrylic,sÃ¡ng táº¡o vá»›i bÃºt acrylic,hÆ°á»›ng dáº«n váº½ acrylic marker,bÃºt váº½ marker,Chá» má»™t ngÃ y náº¯ng lÃªn,tÃ´ mÃ u máº¯t,ká»¹ thuáº­t tÃ´ mÃ u máº¯t,tÃ´ mÃ u máº¯t sÃ¡ng táº¡o,tÃ´ mÃ u máº¯t Ä‘á»™c Ä‘Ã¡o,cÃ¡ch tÃ´ mÃ u máº¯t Ä‘áº¹p,tutorial tÃ´ mÃ u máº¯t,hÆ°á»›ng dáº«n tÃ´ mÃ u máº¯t,mÃ u máº¯t nghá»‡ thuáº­t,eyeshadow painting,tÃ´ mÃ u máº¯t nÆ°á»›c,tÃ´ mÃ u máº¯t Ä‘áº­m,phong cÃ¡ch tÃ´ mÃ u máº¯t,tips tÃ´ mÃ u máº¯t",32000,64,True,"0:00:16"
"WBG vs BLG (BO5) | CKTG 2024 - BÃ¡n Káº¿t 1 | 26.10.2024","Entertainment",2021974,26338,90,"2024-10-26 15:15:14","https://i.ytimg.com/vi/fu1bNFbbecE/hqdefault.jpg","",696000,1623,True,"3:28:25"
"ğŸ˜ŠLetâ€™s Treat The Hedgehog To A Chestnut Feast!ğŸ¦”ğŸ­  #catvideo #catmemes #trending","Pets & Animals",30178185,342844,522,"2024-10-19 12:00:25","https://i.ytimg.com/vi/P2z1W-I5Kmo/hqdefault.jpg","smart cat,catsofyoutube,challenge,funny video,tiktok newest,tiktok viral,tiktok reaction,best cat tiktok,cute and funny cat,oscar funny world,oscar's funny world,funny cat oscar,funny prank,special effect,spider-man,magic tricks,donâ€™t waste food",16000000,833,True,"0:00:20"
"Giáº£i cá»©u mÃ u há»“ng ""CÃNH SEN"" P1 #xonhaBun #viral #comedy #trending #shorts #giadinhhaihuoc","People & Blogs",1102790,13900,28,"2024-10-26 09:10:00","https://i.ytimg.com/vi/1whv7p8vmWQ/hqdefault.jpg","xÃ³ nhÃ  bÃºn,xÃ³m nhÃ  bÃºn,nhÃ  bÃºn,tiktok xÃ³ nhÃ  bÃºn,tiktok trend,xÃ³ nhÃ  BÃºn,gia Ä‘Ã¬nh hÃ i hÆ°á»›c,gia Ä‘Ã¬nh vui nhá»™n,cáº·p Ä‘Ã´i hÃ i hÆ°á»›c,khoáº£nh kháº¯c vui nhá»™n,tiktok,xonhabun,vlog,dailyvlog,xÃ³ nhÃ  bÃºn tiktok,xÃ³ nhÃ  bÃºn Ä‘i Ä‘áº»,xÃ³ nhÃ  bÃºn Ä‘i du lá»‹ch,xÃ³ nhÃ  bÃºn vlog,vlog gia Ä‘Ã¬nh,tiktok gia Ä‘Ã¬nh,vlog xÃ³ nhÃ  bÃºn,nhÃ  bÃºn vlog,gia Ä‘Ã¬nh nhÃ  bÃºn,bá»‘ bÃºn,máº¹ bÃºn,bÃºn bÃºn,em bÃ© bÃºn,máº¹ bÃºn cÃ³ báº§u",423000,379,True,"0:00:57"
"è¿™å¨˜ä¿©å¤ªåäº†ï¼ç«Ÿç„¶è¿™æ ·æ¬ºè´Ÿçˆ¸çˆ¸ #funny #èŒå¨ƒ #æç¬‘#cutebaby","People & Blogs",8750482,57703,65,"2024-10-16 08:30:07","https://i.ytimg.com/vi/BylEgT5vleI/hqdefault.jpg","å¯çˆ±å°ç”œç”œ,å®¶åº­æç¬‘è§†é¢‘,äº²å­äº’åŠ¨,æç¬‘æ—¥å¸¸,åˆ›æ„æŒ‘æˆ˜,å®¶åº­å¨±ä¹,çˆ¶æ¯å­å¥³,å¹½é»˜ç”Ÿæ´»,å®¶åº­è¶£äº‹,æ—¥å¸¸å¨±ä¹,äº²å­æ¸¸æˆ,å®¶åº­è§†é¢‘,ä¹è¶£åˆ†äº«,è§†é¢‘åˆ›ä½œ,å®¶åº­æ—¥å¸¸,å®¶åº­æ¬¢ä¹,å„¿ç«¥æç¬‘,å®¶åº­æˆå‘˜,æ¬¢ä¹æ—¶å…‰,çˆ¶æ¯æ•™è‚²,å¨±ä¹è§†é¢‘,å®¶åº­æ´»åŠ¨,å„¿ç«¥æˆé•¿,äº²å­å†…å®¹,çˆ¶æ¯äº’åŠ¨,å¹½é»˜è§†é¢‘,å®¶åº­æ•…äº‹,äº²å­å…³ç³»,çˆ¶æ¯æŒ‡å¯¼,å®¶åº­ç”Ÿæ´»",294000,478,False,"0:00:20"
"Lá»—i Cá»±c Hay Trong Blox Fruit ğŸ¤¯ #dauhudeptrai #bloxfruits","Gaming",1415982,39238,242,"2024-10-20 12:08:21","https://i.ytimg.com/vi/orV6LT259kw/hqdefault.jpg","Ä‘áº­u há»§ gaming,Ä‘áº­u há»§ Ä‘áº¹p trai,Ä‘áº­u há»§ Ä‘áº¹p xÃ i,Ä‘áº­u há»§,Ä‘áº­u há»§ chÆ¡i game,Ä‘áº­u há»§ chÆ¡i blox fruit,blox fruits,váº­t pháº©m máº¡nh nháº¥t trong blox fruits,HÃ nh TrÃ¬nh Äi SÄƒn Leviathan Láº¥y Loáº¡i VÃµ Máº¡nh Nháº¥t Blox Fruit,SÄƒn leviathan,cÃ¡ch sÄƒn leviathan,loáº¡i vÃµ máº¡nh nháº¥t blox fruit,vÃµ huyáº¿t quá»· thuáº­t,dauhugaming,dauhudeptrai,dauhu,game,game blox fruits,game nháº­p vai",179000,69,True,"0:00:35"
"á»¦a phá»¥ ngoáº¡i mÃ  máº¹ lÃ m gÃ¬ kÃ¬ #tinnguyen #dienvientinnguyen","Entertainment",976721,11332,26,"2024-10-21 07:33:26","https://i.ytimg.com/vi/LqxGt3R9dCo/hqdefault.jpg","tÃ­n nguyá»…n official,tÃ­n nguyá»…n,tÃ­n nguyá»…n comedy,tiktoker tÃ­n nguyá»…n,diá»…n viÃªn tÃ­n nguyá»…n,clip hÃ i tÃ­n nguyá»…n,bÃ© tÃ­n nguyá»…n,tin nguyen,dien vien tin nguyen,be tin nguyen,tÃ­n nguyá»…n shorts,shorts tÃ­n nguyá»…n,cÃ¡c bÆ°á»›c lÃ m nÅ©ng,hÃ i hÆ°á»›c,tÃ­n nguyá»…n lÃ m nÅ©ng,tÃ­n nguyá»…n lÃ m con nÃ­t,bÃ© tÃ­n,tÃ­n nguyá»…n lÃ m em bÃ©,tÃ­n nguyá»…n giáº£ lÃ m em bÃ©,Äƒn hiáº¿p Ãºt tÃ­n,Ãºt tÃ­n,tÃ­n nguyá»…n funny,sá»‘ng háº¿t mÃ¬nh,tÃ­n nguyá»…n du lá»‹ch",2240000,781,False,"0:00:18"
"Nutella &GO Chocolate Dipping | ASMR","Entertainment",30460033,345720,0,"2024-10-15 08:55:50","https://i.ytimg.com/vi/KH_Tet3OQZE/hqdefault.jpg","",4190000,1209,False,"0:00:21"
"Táº¡p hÃ³a báº¥t á»•n p203(bÃ¡nh trÃ¡ng cay nháº¥t hÃ nh tinh)#shorts","People & Blogs",2555370,39248,59,"2024-10-17 10:00:27","https://i.ytimg.com/vi/E3nEgQh-2L0/hqdefault.jpg","Thá»§y mÃ­t,Táº¡p hÃ³a báº¥t á»•n,Äá»“ Äƒn váº·t tuá»•i thÆ¡,Táº¡p hÃ³a Äƒn váº·t,Táº¡p hÃ³a hÃ i hÆ°á»›c,Äá»“ Äƒn tuá»•i thÆ¡,Tiktok,Video vui nhá»™n,Táº¡p hÃ³a há»c sinh,SiÃªu thá»‹ Ä‘á»“ Äƒn,Giáº£i trÃ­,HÃ i hÆ°á»›c,Vui nhá»™n,BÃ¡nh trÃ¡ng cay,Äá»“ Äƒn siÃªu cay,ChÃ¢n gÃ  siÃªu ngon,Thuymit official,Thá»§y mÃ­t táº¡p hoÃ¡ báº¥t á»•n,Thá»§y mÃ­t official táº¡p hoÃ¡",649000,281,False,"0:00:59"
"BÃ³c tráº§n sá»± tháº­t #papataiche #shorts","Entertainment",1224330,17557,81,"2024-10-26 11:30:27","https://i.ytimg.com/vi/hqg3ZUQwII4/hqdefault.jpg","papa tÃ¡i cháº¿,33 tÃ¡i cháº¿,papa tai che,ba ba tÃ¡i cháº¿,papa tÃ¡i cháº¿ chá»‘ng trá»™m,tÃ¡i cháº¿,gia Ä‘Ã¬nh Ä‘áº­u,papa tÃ¡i cháº¿ Ä‘áº­u cÃ³ em,Ä‘á»“ chÆ¡i tÃ¡i cháº¿,gia Ä‘Ã¬nh nhÃ  Ä‘áº­u,gia Ä‘Ã¬nh papa,papa tÃ¡i cháº¿ mÃ¡y gáº¯p thÃº,nhÃ  papa tÃ¡i cháº¿,Ä‘áº­u Ä‘áº­u,bÃ© Ä‘áº­u,Ä‘áº­u papa tÃ¡i cháº¿,chuyá»‡n nhÃ  Ä‘áº­u,papa tÃ¡i cháº¿ lÃ¬ xÃ¬,papataiche,baba tai che,tiktok triá»‡u view,tiktok hÃ i hÆ°á»›c,tiktok viá»‡t nam,tiktok hÃ i hÆ°á»›c viá»‡t nam,tiktok xu hÆ°á»›ng,clip tiktok xu hÆ°á»›ng hiá»‡n nay,xu hÆ°á»›ng tiktok",604000,416,True,"0:00:48"
"Lá»… tuyÃªn thá»‡ nháº­m chá»©c cá»§a Chá»§ tá»‹ch nÆ°á»›c LÆ°Æ¡ng CÆ°á»ng | VTV24","News & Politics",2387852,85010,16,"2024-10-21 10:00:49","https://i.ytimg.com/vi/neaHdRlTs90/hqdefault.jpg","tin tá»©c,vtv24,trung tÃ¢m tin tá»©c vtv24,VTV Digital,tin tá»©c vtv,thá»i sá»± vtv,thá»i sá»± vtv24,tin tá»©c trong ngÃ y,chuyá»ƒn Ä‘á»™ng 24h,tintuc,tin tuc,lá»… tuyÃªn thá»‡ nháº­m chá»©c,chá»§ tá»‹ch nÆ°á»›c,lÆ°Æ¡ng cÆ°á»ng,lÆ°Æ¡ng cÆ°á»ng chá»§ tá»‹ch nÆ°á»›c",5990000,42412,False,"0:19:06"
"Officer Rabbitâ€™s way of making instant noodles is so weird, it shocked me!#shorts  #funny","People & Blogs",4786835,41764,23,"2024-10-17 09:00:57","https://i.ytimg.com/vi/zRu8sQwauzU/hqdefault.jpg","Funny superhero siblings,roleplay comedy,superhero skits,funny roleplaying,comedic superheroes,family humor,superhero parody,cosplay comedy,funny siblings,superhero antics,roleplay humor,hilarious skits,superhero fun,comedy videos,funny characters,superhero stories,humorous videos,family comedy,superhero adventures,roleplay fun,comedic roleplay,family entertainment,funny scenes,superhero jokes,roleplay antics,sibling comedy",303000,392,False,"0:00:16"
"Funny game part 10 | Sinl #shorts","Entertainment",3909609,41802,106,"2024-10-14 03:00:07","https://i.ytimg.com/vi/8dFbeBWzxHA/hqdefault.jpg","sinl,sinl shorts,sinl tiktok,tik tok sinl,shorts,shorts youtube,short,hÃ i,giáº£i trÃ­,tiktok hÃ i,video má»›i cá»§a sinl,sinl vá»›i si,sinl si,tiktok,shorts 2024,tik tok,clip hÃ i,video ngáº¯n,phim ngáº¯n,short video,short film,video hÃ i ngáº¯n,shorts shorts,shorts comedy,comedy shorts,shorts funny,shorts new,new shorts,shorts movie,shorts video funny,video hÃ i hÆ°á»›c,funny videos 2024,funny games,funny,funny shorts,funny game,funny game part 10",2830000,613,False,"0:00:36"
"Ù„Ù‚Ø¯ Ù†ÙØ°Øª Ø®Ø¯Ø¹Ø© Ø¥ØµØ¨Ø¹ Ù‚Ø¯Ù… Ø²Ø§Ø¦Ù Ø´Ø±Ø³Ø© Ø¹Ù„Ù‰ Ø§Ù„Ø¬Ø¯! ğŸ¦¶ğŸ˜‚ #Ø®Ø¯Ø¹Ø©","Howto & Style",76603652,724566,605,"2024-10-15 12:01:12","https://i.ytimg.com/vi/wFn8lV2LdL8/hqdefault.jpg","Ø£Ø¬Ù‡Ø²Ø© Ø¬Ø¯ÙŠØ¯Ø©,Ø£Ø¯ÙˆØ§Øª,Ø£ÙÙƒØ§Ø± Ù…Ø³Ù„ÙŠØ©,Ø£Ù„Ø¹Ø§Ø¨,Ø¥Ø¨Ø¯Ø§Ø¹,Ø§ØµÙ†Ø¹ Ø¨Ù†ÙØ³Ùƒ Ù„Ù„ÙØªÙŠØ§Øª,Ø¨Ø§Ø±Ø¨ÙŠ Ù„Ø§ÙŠÙ Ø³ØªØ§ÙŠÙ„,ØªØ¬Ø¯ÙŠØ¯ Ø§Ù„Ø¯Ù…ÙŠØ©,ØªØ¬Ù…ÙŠÙ„,ØªØ­Øª Ø§Ù„Ø¹Ø´Ø±ÙŠÙ†,ØªØ­Ø¯ÙŠØ§Øª,ØªØ­Ø¯ÙŠØ§Øª Ø¨Ø§Ø±Ø¨ÙŠ,Ø«Ù‚Ø§ÙØ© Ù„Ù„Ø´Ø¨Ø§Ø¨,Ø¯Ø±ÙˆØ³ Ø§Ù„Ù…ÙƒÙŠØ§Ø¬,Ø¯Ù…ÙŠØ©,ÙØªØ­ Ø§Ù„Ø¹Ù„Ø¨Ø©,ÙÙŠØ¯ÙŠÙˆ Ù„Ù„ØªØ­Ø¯ÙŠ,ÙÙŠØ¯ÙŠÙˆÙ‡Ø§Øª Ø¨Ø§Ø±Ø¨ÙŠ,Ù„Ø¹Ø¨ Ø£Ø·ÙØ§Ù„,Ù…Ø±Ø§Ø¬Ø¹Ø§Øª Ø§Ù„Ø£Ø¬Ù‡Ø²Ø©,Ù…Ø±Ø§Ø¬Ø¹Ø§Øª Ø§Ù„Ø£Ù„Ø¹Ø§Ø¨,Ù…Ø±Ø§Ø¬Ø¹Ø§Øª ØªÙ‚Ù†ÙŠØ©,Ù…Ø±Ø§Ù‡Ù‚ÙŠÙ†,Ù…Ø±Ø­,Ù…ÙƒÙŠØ§Ø¬,Ù‡ÙˆØ§ÙŠØ§Øª",448000,89,False,"0:00:35"
"Xe Ã´ tÃ´ Ä‘iá»‡n mini 4 bÃ¡nh giÃ¡ ráº» hÆ¡n xe mÃ¡y, chá»Ÿ 4 ngÆ°á»i lá»›n","People & Blogs",1415536,17034,22,"2024-10-18 12:02:59","https://i.ytimg.com/vi/uDHlB35MtyU/hqdefault.jpg","XE ÄIá»†N Máº NH PHÃT,xe Ä‘áº¡p Ä‘iá»‡n cÅ©,xe mÃ¡y Ä‘iá»‡n cÅ©,xe Ä‘áº¡p Ä‘iá»‡n giÃ¡ ráº»,XE ÄIá»†N,Máº NH PHÃT,XE ÄIá»†N THÃ”NG MINH,XE Äáº P ÄIá»†N,XE ÄIá»‡n,review xe Ä‘iá»‡n,review xe Ä‘áº¡p Ä‘iá»‡n,REVIEW XE ÄIá»†N,REVIEW XE Äáº P ÄIá»†N,mua bÃ¡n xe Ä‘iá»‡n,mua bÃ¡n xe Ä‘iá»‡n cÅ©,bÃ¡n xe Ä‘iá»‡n,mua xe Ä‘iá»‡n,XE ÄIá»†N GIÃ Ráºº,máº¡nh phÃ¡t,xe Ä‘iá»‡n máº¡nh phÃ¡t,@XeDienManhPhat",145000,2001,False,"0:00:55"
"Please Help This Kind Vampire ğŸ™","Entertainment",36624745,2236320,3531,"2024-10-17 12:00:08","https://i.ytimg.com/vi/5Zl52Dl35h4/hqdefault.jpg","",64400000,1363,False,"0:00:42"
"nhá»¯ng kiá»ƒu ngÆ°á»i khi Äƒn xÃºc xÃ­ch láº¯c","People & Blogs",1693922,21062,594,"2024-10-23 10:00:57","https://i.ytimg.com/vi/miPiE-nvRXs/hqdefault.jpg","hÃ nh tinh Ä‘á»“ chÆ¡i,toy planet,anh tÃ³c xanh,anh bá»‘n máº¯t,xÃºc xich láº¯c",118000,185,False,"0:00:35"
"Smart Sigma Kid #funny #sigma","Entertainment",83207742,1972414,4772,"2024-10-11 09:39:23","https://i.ytimg.com/vi/JZbu3AZ5anY/hqdefault.jpg","",19300000,1236,False,"0:00:14"
"Tiá»ƒu NgÃ¡o | CÃ³ Äá»©a Báº¡n ChuyÃªn Lá» Má» Kiá»ƒu #Shorts","Entertainment",3437814,59900,85,"2024-10-15 11:31:23","https://i.ytimg.com/vi/N_Hrm6usJQ4/hqdefault.jpg","tiá»ƒu ngÃ¡o,tieu ngao,tiá»ƒu ngÃ¡o official,tik tok,tiktok,tiktoker,tiá»ƒu ngÃ¡o tiktok,tiá»ƒu ngÃ¡o hot tiktoker,hot tiktoker viá»‡t nam,tá»•ng há»£p tiktok,tá»•ng há»£p tik tok triá»‡u view,tá»•ng há»£p tiktok tiá»ƒu ngÃ¡o,táº¥u hÃ i,best of tiktok,tiktok 2024,tiktok trend,tiktok viá»‡t nam,trÃ o lÆ°u tik tok,tá»•ng há»£p clip hÃ i tik tok,clip hÃ i tik tok,clip hÃ i tiktok,hot tiktok,hot tiktoker,tiá»ƒu ngÃ¡o vÃ  hoÃ ng hÃ´n,shorts,CÃ³ Äá»©a Báº¡n ChuyÃªn Lá» Má» Kiá»ƒu",1190000,790,False,"0:00:48"
"Loáº¡i hotdog Äƒn liá»n ngon nháº¥t #thuthach #food","People & Blogs",3467572,74996,101,"2024-10-22 10:57:27","https://i.ytimg.com/vi/REOC9FF0dco/hqdefault.jpg","thá»­ thÃ¡ch,thá»­ nghiá»‡m,sinh tá»“n,sá»‘ng sÃ³t,tiktok,filter,Äƒn uá»‘ng,mr,Mr,beat,mr beast,beast,thuthach,Fake Situation,thá»­ thÃ¡ch thÃº vá»‹,tÃ¬nh huá»‘ng giáº£ tÆ°á»Ÿng,trÃ² chÆ¡i giáº£i trÃ­,pháº£n á»©ng hÃ i hÆ°á»›c,video thÃº vá»‹,giáº£i trÃ­ trÃªn máº¡ng xÃ£ há»™i,thá»­ thÃ¡ch trá»±c tuyáº¿n,ná»™i dung sÃ¡ng táº¡o,tÆ°Æ¡ng tÃ¡c vá»›i ngÆ°á»i xem,video ngáº¯n,cÃ¢u chuyá»‡n vui nhá»™n,thá»­ thÃ¡ch viral,giáº£i trÃ­ thÃº vá»‹,kem ná»•i tiáº¿ng Nháº­t Báº£n,loáº¡i kem Nháº­t Báº£n,kem Nháº­t Báº£n Ä‘Æ°á»£c Æ°a chuá»™ng,top kem Nháº­t Báº£n",1090000,241,False,"0:00:48"
"Why is it different from what I thought?","People & Blogs",3198334,19461,36,"2024-10-18 19:37:28","https://i.ytimg.com/vi/OYYDi1jwZM4/hqdefault.jpg","Funny Couple Liang,rural comedy,laughter in life,funny videos,rural life,joy and happiness,daily vlogs,countryside humor,life moments,sharing happiness,subscribe for fun,rural living tips,funny farm life,laughter therapy,joy of living,humor and life,village comedy,happy moments,comedy and joy,fun in rural,rural adventures,happiness in simplicity,engaging content,laughter and fun,fun family vlogs,rural lifestyle,comedic moments",224000,1175,False,"0:00:15"
"GEN vs FLY (BO5) | CKTG 2024 - Tá»© Káº¿t 4 | 20.10.2024","Entertainment",2257490,86433,235,"2024-10-20 16:52:52","https://i.ytimg.com/vi/UQ93nVH8kk4/hqdefault.jpg","",696000,1623,True,"5:04:53"
"Rap Viá»‡t 2024 Táº­p 4: NhÃ¢n tá»‘ má»›i xuáº¥t hiá»‡n, Dangrangto - Robber Ä‘á»• bá»™ gÃ¢y bÃ£o sÃ¢n kháº¥u","Music",5701102,169965,5923,"2024-10-12 14:00:07","https://i.ytimg.com/vi/N0x4btdmL2g/hqdefault.jpg","vie channel,rapper,underground,the rapper,rapper viá»‡t,rap viá»‡t trá»Ÿ láº¡i,suboi,justatee,big daddy,thÃ¡i vg,rap viá»‡t full,rap viá»‡t táº­p 4,rap viá»‡t 2024,rap viet 2024,Rap Viá»‡t 2024,rap viá»‡t 2024 má»›i nháº¥t,rap viet tap 4,rap viá»‡t 2024 táº­p 4,táº­p 4 rap viá»‡t 2024,tap 4 rap viet 2024,rap viá»‡t má»›i nháº¥t,rap viet mua 4,thai vg,fhero,karik,team suboi,team karik,team big daddy,vÃ²ng chinh phá»¥c,rap viá»‡t mÃ¹a 4 táº­p 4,rangdangto,robber rap viet,coldzy,v#,rap viet 4",11000000,11071,True,"1:57:12"
"Seja Gentil com os Pequenos Animais ğŸ˜¿","Entertainment",61231252,1261542,5021,"2024-10-08 13:18:14","https://i.ytimg.com/vi/ChCxsAkmrxA/hqdefault.jpg","",9800000,1134,False,"0:00:20"
"KhÃ³ chá»‹u vÃ´ cÃ¹ng ğŸ™‚","People & Blogs",1374022,22151,316,"2024-10-16 11:56:45","https://i.ytimg.com/vi/qwq-LD5JU-0/hqdefault.jpg","",863000,289,False,"0:00:29"
"Fake watermelon by Secret Vlog","Comedy",30968257,414369,173,"2024-10-14 05:50:00","https://i.ytimg.com/vi/U7XEpdX8iKk/hqdefault.jpg","",14500000,3077,False,"0:00:16"
"Loáº¡i Ä‘Ã¡ bÃ©n nháº¥t Tháº¿ Giá»›i #thuthach","People & Blogs",2368126,44670,186,"2024-10-24 10:24:04","https://i.ytimg.com/vi/0_861L7wWZM/hqdefault.jpg","thá»­ thÃ¡ch,thá»­ nghiá»‡m,sinh tá»“n,sá»‘ng sÃ³t,tiktok,filter,Äƒn uá»‘ng,mr,Mr,beat,mr beast,beast,thuthach,Fake Situation,thá»­ thÃ¡ch thÃº vá»‹,tÃ¬nh huá»‘ng giáº£ tÆ°á»Ÿng,trÃ² chÆ¡i giáº£i trÃ­,pháº£n á»©ng hÃ i hÆ°á»›c,video thÃº vá»‹,giáº£i trÃ­ trÃªn máº¡ng xÃ£ há»™i,tÆ°Æ¡ng tÃ¡c vá»›i ngÆ°á»i xem,cÃ¢u chuyá»‡n vui nhá»™n,thá»­ thÃ¡ch viral,giáº£i trÃ­ thÃº vá»‹,Loáº¡i Ä‘Ã¡ bÃ©n nháº¥t Tháº¿ Giá»›i,ÄÃ¡ bÃ©n nháº¥t tháº¿ giá»›i",1090000,241,False,"0:00:43"
"é¾Ÿå…”èµ›è·‘ï¼šå¥½å¯çˆ±çš„å°ä¹Œé¾Ÿ#short #angel #clown","People & Blogs",80959012,2174652,4888,"2024-10-14 06:15:02","https://i.ytimg.com/vi/TLpWKqpIUNY/hqdefault.jpg","Captain America Roleplay,2D Comic Style,American Comics,Superhero World,Original Content,YouTube Superheroes,Fan Engagement,Subscribe and Bell Icon,Copyright Enforcement,Cosplay Videos,Comic Book Lovers,2D Animation,Marvel Universe,Superhero Action,Creative Storytelling,Heroic Adventures,Character Analysis,Behind-the-Scenes,Superhero Culture,Interactive Fan Base,Superhero Lifestyle,Comic Series Adaptations,Hero Versus Villain Dynamics",11300000,1130,False,"0:01:00"
"å•Šï¼Ÿå°±è¿™ä¹ˆæ°´çµçµçš„ç©¿ä¸Šäº†ï¼Ÿ","People & Blogs",94341090,2670595,7538,"2024-10-07 23:22:14","https://i.ytimg.com/vi/xlRr610Z3dE/hqdefault.jpg","ä¸€èˆª1,ä¸¤å°åª,æ²™é›•æ—¥å¸¸,ä¸¤ä¸ªç”·ç”Ÿ,æ—¥å¸¸Vlog,æ¬¢ä¹æ—¶å…‰,æç¬‘è§†é¢‘,æ—¥å¸¸æç¬‘,å¹½é»˜ç”Ÿæ´»,å¿«ä¹åˆ†äº«,æ—¥å¸¸æŒ‘æˆ˜,ç”Ÿæ´»ç‚¹æ»´,æ¬¢ç¬‘æºæ³‰,ç”Ÿæ´»è®°å½•,çœŸå®æ—¥å¸¸,ææ€ªæ—¥å¸¸,ç”·ç”Ÿç”Ÿæ´»,å¿«ä¹ç¬é—´,å¨±ä¹é¢‘é“,é’æ˜¥ç”Ÿæ´»,ç¬‘æ–™ä¸æ–­,æ—¥å¸¸è¶£äº‹,å¿ƒæƒ…æ—¥è®°,ç½‘ç»œçº¢äºº,çƒ­é—¨Vlog,ç”Ÿæ´»æ–¹å¼åˆ†äº«,æ¬¢ä¹ç”Ÿæ´»",705000,296,False,"0:00:18"
"BÃºt gel tháº¿ há»‡ má»›i #vanphongpham #dungcuhoctap #funny","People & Blogs",2406671,23430,203,"2024-10-12 06:38:12","https://i.ytimg.com/vi/Ke9dw_C3-RM/hqdefault.jpg","",32000,64,True,"0:00:29"
"å°èš‚èšä¼šé€‰åˆ°ä»€ä¹ˆå‘¢ï¼#ç«å½±å¿è€… #ä½åŠ© #å®¶åº­","People & Blogs",124338777,2471052,1595,"2024-10-05 07:00:22","https://i.ytimg.com/vi/h7GMBRVPRGk/hqdefault.jpg","å°èš‚èš,èŒå¨ƒæ—¥å¸¸,ææ€ªæ—¥å¸¸,æ„æƒ³ä¸åˆ°çš„ç»“å±€,å§å§ä¾ä¾,å¼Ÿå¼Ÿæµ©å®‡,å¼Ÿå¼Ÿæµ©é¸£,äººç±»å¹¼å´½,èŒå¨ƒæç¬‘,å®¶åº­æ¬¢ä¹,å¹¼å„¿æˆé•¿,å® ç‰©è¶£äº‹,äº²å­äº’åŠ¨,å®¶åº­æ—¥å¸¸,ç«¥å¹´è¶£é—»,å„¿ç«¥æ¸¸æˆ,ç«¥è¨€æ— å¿Œ,å„¿ç«¥æ‰‹å·¥,èŒå®è´,å„¿ç«¥ç»˜ç”»,å„¿ç«¥é˜…è¯»,å®¶åº­çƒ¹é¥ª,å„¿ç«¥æ‘„å½±,å®¶åº­è¶£äº‹",4010000,951,True,"0:00:47"
"ë²„ë¸”í‹°ë¡œ ë¶€ì êµ¬ë³„í•˜ëŠ”ë²•4","People & Blogs",26521879,288270,308,"2024-10-08 11:00:44","https://i.ytimg.com/vi/cJL5_-wEQVs/hqdefault.jpg","",3590000,868,False,"0:00:11"
"Cool Parenting Gadget Against Mosquitos! ğŸ¦ŸğŸ‘¶ #gen","Howto & Style",32652468,387718,140,"2024-10-13 15:00:30","https://i.ytimg.com/vi/KHbPL6VBk9E/hqdefault.jpg","5-minute crafts,art,big craft,crafts,diy,diy craft,do it yourself,drawing,family,hacks,hacks for parents,how to,how to make,life hacks,long craft,music,new music,parenting,polymer clay,school hacks,shorts,shorts ideas,shorts music,shorts music trending,thesoul music,thesoul music life,trending shorts,tutorial,tutorial for beginners,viral shorts,youtube shorts",1730000,977,True,"0:00:21"
"SGP VS TDT | FPT VS 1S | VÃ’NG PLAY-OFF ÄTDV MÃ™A ÄÃ”NG 2024 | NGÃ€Y 13/10","Gaming",4652645,120389,667,"2024-10-13 16:57:09","https://i.ytimg.com/vi/2d_Iz379Gdw/hqdefault.jpg","garena liÃªn quÃ¢n,liÃªn quÃ¢n mobile,liÃªn quÃ¢n,Ä‘áº¥u trÆ°á»ng danh vá»ng,garena liÃªn quÃ¢n mobile,aov,garena,Saigon Phantom,Esports,trá»±c tiáº¿p liÃªn quÃ¢n,trá»±c tiáº¿p giáº£i liÃªn quÃ¢n,esport liÃªn quÃ¢n,chung káº¿t liÃªn quÃ¢n,trá»±c tiáº¿p game,dau truong danh vong,dtdv mua xuan 2024,vong bang dtdv,dtdv 2024,giai dau lien quan,xem giáº£i liÃªn quÃ¢n,saigon phantom,team flash,gg live,vong bang lien quan,chung ket apl,chung ket apl 2024,aimag 2021,boc tham aimag 2021",5290000,8895,True,"9:31:46"
"í•‘í¬ ë²„ë¸”í‹°ë¡œ ì²´ê°ë˜ëŠ” ìš”ì¦˜ ë¬¼ê°€","People & Blogs",9244155,152972,195,"2024-10-12 11:00:15","https://i.ytimg.com/vi/HDocWSLaL6o/hqdefault.jpg","",3590000,868,True,"0:00:14"
"Can tá»™i tÃ² mÃ² | NhÃ  Ä‘iÃªn vui nhá»™n táº­p 16 | TÃ´m channel official #Shorts","Gaming",2949585,41714,71,"2024-10-09 04:15:03","https://i.ytimg.com/vi/qRNnaIxO9PM/hqdefault.jpg","tÃ´m,tÃ´m official,tÃ´m channel official,tÃ´m tiktok,tiktok tÃ´m,tÃ´m vlog,tom hÃ i hÆ°á»›c,tÃ´m tiktok hÃ i,tÃ´m channel,tiktok hÃ i hÆ°á»›c,tÃ´m hÃ i hÆ°á»›c,phim ngáº¯n hÃ i hÆ°á»›c,phim hÃ i ngáº¯n,phim hÃ i ngáº¯n hay,phim hÃ i ngáº¯n viá»‡t nam,phim ngáº¯n hÃ i,phim ngáº¯n,sitcom hÃ i,vietnam sitcom,phim hai sitcom viet nam,sitcom,hÃ i hÆ°á»›c,video hÃ i,video hÃ i hÆ°á»›c,phim hÃ i sitcom,sitcom ngáº¯n,nhÃ  Ä‘iÃªn vui nhá»™n,nhÃ  Ä‘iÃªn,nhÃ  vui nhá»™n,nhÃ  thÆ°Æ¡ng Ä‘iÃªn,nhÃ  Ä‘iÃªn vui,nhÃ  vui",1600000,785,False,"0:01:00"
"P1 | Cuá»™c chiáº¿n kiáº¿n thá»©c giá»¯a Thá»§ khoa cáº£ há» vÃ  Äáº­u #papataiche #shorts","Entertainment",6767393,85776,419,"2024-10-05 11:30:01","https://i.ytimg.com/vi/1lrIip_KXF4/hqdefault.jpg","papa tÃ¡i cháº¿,33 tÃ¡i cháº¿,papa tai che,ba ba tÃ¡i cháº¿,papa tÃ¡i cháº¿ chá»‘ng trá»™m,tÃ¡i cháº¿,gia Ä‘Ã¬nh Ä‘áº­u,papa tÃ¡i cháº¿ Ä‘áº­u cÃ³ em,Ä‘á»“ chÆ¡i tÃ¡i cháº¿,gia Ä‘Ã¬nh nhÃ  Ä‘áº­u,gia Ä‘Ã¬nh papa,papa tÃ¡i cháº¿ mÃ¡y gáº¯p thÃº,nhÃ  papa tÃ¡i cháº¿,Ä‘áº­u Ä‘áº­u,bÃ© Ä‘áº­u,Ä‘áº­u papa tÃ¡i cháº¿,chuyá»‡n nhÃ  Ä‘áº­u,papa tÃ¡i cháº¿ lÃ¬ xÃ¬,papataiche,baba tai che,tiktok triá»‡u view,tiktok hÃ i hÆ°á»›c,tiktok viá»‡t nam,tiktok hÃ i hÆ°á»›c viá»‡t nam,tiktok xu hÆ°á»›ng,clip tiktok xu hÆ°á»›ng hiá»‡n nay,xu hÆ°á»›ng tiktok",604000,416,True,"0:00:57"
"Tiá»ƒu NgÃ¡o | Khi Gen Z LÃ m Máº¹ Kiá»ƒu #Shorts","Entertainment",2940067,49173,155,"2024-10-12 10:50:29","https://i.ytimg.com/vi/fCAwmPKBuC0/hqdefault.jpg","tiá»ƒu ngÃ¡o,tieu ngao,tiá»ƒu ngÃ¡o official,tik tok,tiktok,tiktoker,tiá»ƒu ngÃ¡o tiktok,tiá»ƒu ngÃ¡o hot tiktoker,hot tiktoker viá»‡t nam,tá»•ng há»£p tiktok,tá»•ng há»£p tik tok triá»‡u view,tá»•ng há»£p tiktok tiá»ƒu ngÃ¡o,táº¥u hÃ i,best of tiktok,tiktok 2024,tiktok trend,tiktok viá»‡t nam,trÃ o lÆ°u tik tok,tá»•ng há»£p clip hÃ i tik tok,clip hÃ i tik tok,clip hÃ i tiktok,hot tiktok,hot tiktoker,tiá»ƒu ngÃ¡o vÃ  hoÃ ng hÃ´n,shorts,Khi Gen Z LÃ m Máº¹ Kiá»ƒu",1190000,790,True,"0:01:00"
"Táº¤M CÃM nhÃ  BÃºn ká»ƒ P1  #xonhaBun #viral #comedy #trending #shorts  #giadinhhaihuoc","People & Blogs",2930721,37828,62,"2024-10-16 09:10:00","https://i.ytimg.com/vi/1mcOdk879w4/hqdefault.jpg","xÃ³ nhÃ  bÃºn,xÃ³m nhÃ  bÃºn,nhÃ  bÃºn,tiktok xÃ³ nhÃ  bÃºn,tiktok trend,xÃ³ nhÃ  BÃºn,gia Ä‘Ã¬nh hÃ i hÆ°á»›c,gia Ä‘Ã¬nh vui nhá»™n,cáº·p Ä‘Ã´i hÃ i hÆ°á»›c,khoáº£nh kháº¯c vui nhá»™n,tiktok,xonhabun,vlog,dailyvlog,xÃ³ nhÃ  bÃºn tiktok,xÃ³ nhÃ  bÃºn Ä‘i Ä‘áº»,xÃ³ nhÃ  bÃºn Ä‘i du lá»‹ch,xÃ³ nhÃ  bÃºn vlog,vlog gia Ä‘Ã¬nh,tiktok gia Ä‘Ã¬nh,vlog xÃ³ nhÃ  bÃºn,nhÃ  bÃºn vlog,gia Ä‘Ã¬nh nhÃ  bÃºn,bá»‘ bÃºn,máº¹ bÃºn,bÃºn bÃºn,em bÃ© bÃºn,máº¹ bÃºn cÃ³ báº§u",423000,379,False,"0:00:59"
"Is my daughter playing on her phone when she sleeps? #funny #cute #comedy","People & Blogs",14345232,211260,894,"2024-10-10 10:14:28","https://i.ytimg.com/vi/YjD9EvGOpTY/hqdefault.jpg","funny father-daughter duo,father-daughter comedy,daily funny videos,family humor,funny family moments,father-daughter interactions,comedic duo,family entertainment,funny daily life,humorous videos,father-daughter bonding,daily laughter,family vlogs,father-daughter fun,funny family skits,hilarious moments,parent-child comedy,family jokes,father-daughter activities,comedy vlogs,funny daily interactions,family laughs,light-hearted videos",1680000,499,False,"0:00:16"
"* dedicated coach  [Nam PhÆ°Æ¡ng] #namphuong #shorts #kungfu #martialarts #fighting #shaolin","Entertainment",33807740,328879,158,"2024-10-06 05:00:02","https://i.ytimg.com/vi/2sdXLLAkoIc/hqdefault.jpg","nam phÆ°Æ¡ng,nam phuong,vÃµ thuáº­t Ä‘iá»‡n áº£nh,huáº¥n luyá»‡n vÃµ thuáº­t Ä‘iá»‡n áº£nh,vÃµ thuáº­t,vÃµ hiá»‡n Ä‘áº¡i,diá»…n viÃªn hÃ nh Ä‘á»™ng,ngÃ´i sao vÃµ thuáº­t,trung tÃ¢m vÃµ,há»c vÃµ,tá»± vá»‡,eagle,shorts,lá»›p dáº¡y vÃµ,siÃªu nhÃ¢n,phim hanh dong vo thuat,phim vÃµ thuáº­t,tá»± vá»‡ thá»±c chiáº¿n,eagles academy,tiktok,Ä‘iá»‡n áº£nh,Ä‘Ã³ng tháº¿,huáº¥n luyá»‡n,diá»…n viÃªn Ä‘Ã³ng tháº¿,vÃ  cÃ¡i káº¿t,nhÃ o lá»™n Ä‘Æ°á»ng phá»‘,tik tok,ben eagle,ben,nam phÆ°Æ¡ng eagles academy,diá»…n viÃªn nam phÆ°Æ¡ng,nam phÆ°Æ¡ng tiktok",10800000,3939,True,"0:00:16"
"Yuumi 3D resin #elegoo #3dprinting #in3d #long3dprinting","Science & Technology",2663735,60600,159,"2024-10-07 10:35:13","https://i.ytimg.com/vi/h5okICzphjQ/hqdefault.jpg","long 3d printing,long 3d,yuumi 3d resin,yuumi 3d printing,yuumi skin,yuumi in 3d,yuumi 3d,yuumi 3d print,yuumi lol",151000,224,False,"0:01:00"
"Thá»­ ThÃ¡ch Ä‚n Káº¸O SÃP TO Äá»ˆNH NÃ“C Ká»ŠCH TRáº¦N ğŸ˜± (P1) #shorts || Yáº¿n Ná»“i CÆ¡m Äiá»‡n","Entertainment",10758013,152813,1215,"2024-10-02 11:50:00","https://i.ytimg.com/vi/ujFkiCfazqo/hqdefault.jpg","Thá»­ ThÃ¡ch Ä‚n Káº¸O SÃP TO Äá»ˆNH NÃ“C Ká»ŠCH TRáº¦N ğŸ˜± (P1) #shorts || Yáº¿n Ná»“i CÆ¡m Äiá»‡n,Khi Tui CÃ³ BÃ  HÃ ng XÃ³m Tuy NghÃ¨o NhÆ°ng ÄÆ°á»£c CÃ¡i ThÃ­ch Phong Báº¡t Kiá»ƒu #shorts || Yáº¿n Ná»“i CÆ¡m Äiá»‡n,yennoicomdien,yáº¿n ná»“i cÆ¡m Ä‘iá»‡n,Thá»­ Test HÃ m RÄƒng : Ä‚n Háº¿t 10 CÃ¢y Kem Láº¡nh ThÃ­ BÃ  Ná»i ğŸ¤¡ (p2) #shorts || Yáº¿n Ná»“i CÆ¡m Äiá»‡n,Khi Tui Äu Trend Táº¯t ÄÃ¨n Hot TÃ³p TÃ³p â€¦ MÃ  KhÃºc Cuá»‘i NÃ³ Láº¡ Láº¯m ğŸ¥² #shorts || Yáº¿n Ná»“i CÆ¡m Äiá»‡n,Khi Tui Ä‚n Káº¸O SÃP TO ÄÃ™NG CHáº¤N Äá»˜NG â€¦ CÃ¡i Káº¿t Dá»n Äáº§y NhÃ  (P2) #shorts || Yáº¿n Ná»“i CÆ¡m Äiá»‡n",2280000,965,False,"0:00:56"
"Ai lÃ  ngÆ°á»i nhiá»u followers nháº¥t trÃªn Tiktok   ? | TrÃ  Äáº·ng #shorst #viralvideo","Entertainment",13711366,384771,3852,"2024-09-30 06:53:53","https://i.ytimg.com/vi/EhNMCEyFkn8/hqdefault.jpg","trÃ  Ä‘áº·ng,tra dang,trÃ  Ä‘áº·ng cover,trÃ  Ä‘áº·ng tik tok,tra dang tiktok,tra dang tik tok,trÃ  Ä‘áº·ng official,tra dang compilation,tra dang tiktok compilation,tik tok trÃ  Ä‘áº·ng,trÃ¢m Ä‘Ã´ trÃ  Ä‘áº·ng,trÃ  Ä‘áº·ng biáº¿n hÃ¬nh,trÃ  Ä‘áº·ng tiktok,tiktok biáº¿n hÃ¬nh trÃ  Ä‘áº·ng,trÃ  Ä‘áº·ng tik tok biáº¿n hÃ¬nh,trÃ  Ä‘áº·ng cÃ³ em bÃ©,trÃ  Ä‘áº·ng cÃ³ chá»“ng,trÃ  Ä‘áº·ng cÃ³ con,trÃ  Ä‘áº·ng sinh em bÃ©,trÃ  Ä‘áº·ng cosplay,trÃ  Ä‘áº·ng trend táº¯t Ä‘Ã¨n,trend táº¯t Ä‘Ã¨n,trend táº¯t Ä‘Ã¨n hot tiktok,trÃ  Ä‘áº·ng tiktok táº¯t Ä‘Ã¨n",1460000,254,False,"0:00:17"
"P2 | Cuá»™c chiáº¿n kiáº¿n thá»©c giá»¯a Thá»§ khoa cáº£ há» vÃ  Äáº­u #papataiche #shorts","Entertainment",5411664,64969,114,"2024-10-05 11:45:01","https://i.ytimg.com/vi/LOT3fmVdZXs/hqdefault.jpg","papa tÃ¡i cháº¿,33 tÃ¡i cháº¿,papa tai che,ba ba tÃ¡i cháº¿,papa tÃ¡i cháº¿ chá»‘ng trá»™m,tÃ¡i cháº¿,gia Ä‘Ã¬nh Ä‘áº­u,papa tÃ¡i cháº¿ Ä‘áº­u cÃ³ em,Ä‘á»“ chÆ¡i tÃ¡i cháº¿,gia Ä‘Ã¬nh nhÃ  Ä‘áº­u,gia Ä‘Ã¬nh papa,papa tÃ¡i cháº¿ mÃ¡y gáº¯p thÃº,nhÃ  papa tÃ¡i cháº¿,Ä‘áº­u Ä‘áº­u,bÃ© Ä‘áº­u,Ä‘áº­u papa tÃ¡i cháº¿,chuyá»‡n nhÃ  Ä‘áº­u,papa tÃ¡i cháº¿ lÃ¬ xÃ¬,papataiche,baba tai che,tiktok triá»‡u view,tiktok hÃ i hÆ°á»›c,tiktok viá»‡t nam,tiktok hÃ i hÆ°á»›c viá»‡t nam,tiktok xu hÆ°á»›ng,clip tiktok xu hÆ°á»›ng hiá»‡n nay,xu hÆ°á»›ng tiktok",604000,416,True,"0:01:00"
"Dao bÃ©n nháº¥t hÃ nh tinh #thuthach","People & Blogs",4795022,67147,165,"2024-10-09 10:59:09","https://i.ytimg.com/vi/hZTueMo943E/hqdefault.jpg","thá»­ thÃ¡ch,thá»­ nghiá»‡m,sinh tá»“n,sá»‘ng sÃ³t,tiktok,filter,Äƒn uá»‘ng,mr,Mr,beat,mr beast,socola mr beast,beast,dao bÃ©n nháº¥t,dao sáº¯c bÃ©n,dao lÃ m báº¿p,dao cáº¯t tá»‘t nháº¥t,dao báº¿p cháº¥t lÆ°á»£ng,dao thÃ©p khÃ´ng gá»‰,dao Nháº­t Báº£n,dao Ä‘a nÄƒng,dao chuyÃªn dá»¥ng,Ä‘á»“ dÃ¹ng nhÃ  báº¿p,dao cao cáº¥p,ká»¹ thuáº­t cáº¯t,sáº£n pháº©m nhÃ  báº¿p,Ä‘Ã¡nh giÃ¡ dao,dao thÆ°Æ¡ng hiá»‡u ná»•i tiáº¿ng",1090000,241,False,"0:00:38"
"Cao thá»§ gáº·p thÃ¡ch Ä‘áº¥u | CHANG DORY | ometv","Entertainment",34920205,1644327,3542,"2024-10-05 11:36:13","https://i.ytimg.com/vi/9tgCo1LUMMI/hqdefault.jpg","chang dory,changdory,dory chang,dorychang,tiktok dorychang,tiktok dory chang,chang dori,chang dory cosplay,chang dory ometv,changdory ome,chang dory transformation,tiktok transition,tiktok transformation,tiktok changdory,changdory magic,ome transition,ometv transformation,tiktok best transformation,Prank videos,chang dory prank video,chang dory costume prank,ometv costume prank,Trolling strangers,OmeTV funny moments,biáº¿n hÃ¬nh chang dory ometv",5110000,238,True,"0:00:58"
"Bá»‹p 2 #NEC #funny #comedy #shorts #trending #viralvideo #foryou #fyp #swimming #bruh","Comedy",3580839,45503,201,"2024-10-03 05:25:07","https://i.ytimg.com/vi/4TLbHyZ9yQs/hqdefault.jpg","",948000,448,False,"0:00:23"
"Rap Viá»‡t 2024 Táº­p 3: Mason Nguyá»…n áºµm luÃ´n 4 chá»n, siÃªu ná»¯ chiáº¿n binh ra tráº­n bÃ¹ng ná»• sÃ¢n kháº¥u","Music",5017216,164569,5289,"2024-10-05 14:00:34","https://i.ytimg.com/vi/JOkLc8ynaFo/hqdefault.jpg","vie giai tri,giai tri tv,rapper,underground,the rapper,rapper viá»‡t,rap viá»‡t trá»Ÿ láº¡i,suboi,justatee,big daddy,thÃ¡i vg,rap viá»‡t full,rap viá»‡t táº­p 3,rap viá»‡t 2024,rap viet 2024,Rap Viá»‡t 2024,rap viá»‡t 2024 má»›i nháº¥t,rap viet tap 3,rap viá»‡t 2024 táº­p 3,táº­p 3 rap viá»‡t 2024,tap 3 rap viet 2024,rap viá»‡t má»›i nháº¥t,rap viet mua 4,thai vg,fhero,karik,team suboi,team karik,team big daddy,vÃ²ng chinh phá»¥c,rap viá»‡t mÃ¹a 4 táº­p 3,mason nguyá»…n,saabirose,ngáº¯n,vlary",2880000,7629,True,"1:49:25"
"HoÃ ng HÃ´n | Äi Photo Phao Gáº·p CÃ´ GiÃ¡o Chá»§ Nhiá»‡m Kiá»ƒu #Shorts","Entertainment",2733133,60321,96,"2024-10-08 10:11:12","https://i.ytimg.com/vi/YpFcSfhMFEI/hqdefault.jpg","hoÃ ng hÃ´n,hoang hon,hoÃ ng hÃ´n official,hoÃ ng hÃ´n tiktok,tá»•ng há»£p tiktok,tá»•ng há»£p tik tok triá»‡u view,táº¥u hÃ i,tiktok,best of tiktok,tiktok 2024,tik tok,tiktok trend,tiktok viá»‡t nam,trÃ o lÆ°u tik tok,tá»•ng há»£p clip hÃ i tik tok,clip hÃ i tik tok,clip hÃ i tiktok,hot tiktok,hot tiktoker,tá»•ng há»£p trend tiktok,tiktok nhiá»u view nháº¥t,shorts,comedy,funny,trend tiktok,há»c sinh,Äi Photo Phao Gáº·p CÃ´ GiÃ¡o Chá»§ Nhiá»‡m Kiá»ƒu",1580000,749,False,"0:01:00"
"Chá»§ xe Lamborghini dÃ¹ng máº¹o Ä‘á»ƒ Ä‘áº­u xe #sieuxe #shorts","Autos & Vehicles",3405232,72803,323,"2024-10-08 10:30:17","https://i.ytimg.com/vi/RFz1UBZokRY/hqdefault.jpg","xe,siÃªu xe,Ã´ tÃ´,supercar,racing,tá»‘c Ä‘á»™,phÆ°Æ¡ng tiá»‡n,martini,martini asphalt,martini official,hypercar,lamborghini,lamborghini huracan,huracan,chá»§ xe lamborghini,Ä‘á»— xe,máº¹o,buá»“n cÆ°á»i,funny,hÃ i hÆ°á»›c,giÃ u cÃ³,short,shorts",196000,792,False,"0:00:13"
"Äáº¡i tÆ°á»›ng Phan VÄƒn Giang yÃªu cáº§u nghiÃªn cá»©u phÆ°Æ¡ng Ã¡n sá»­ dá»¥ng phÃ  quÃ¢n sá»± Ä‘á»ƒ váº­n chuyá»ƒn ngÆ°á»i dÃ¢n","News & Politics",3368678,30665,12,"2024-10-03 13:20:26","https://i.ytimg.com/vi/1ReSdB4McW0/hqdefault.jpg","Ä‘áº¡i tÆ°á»›ng phan vÄƒn giang,phÃ ,sÃ´ng,qua sÃ´ng,váº­n chuyá»ƒn",259000,7057,False,"0:00:30"
"HoÃ ng HÃ´n | Äu Trend Táº¯t ÄÃ¨n MÃ  Láº¡ Láº¯m #Shorts","Entertainment",18455976,267804,11796,"2024-09-28 09:22:27","https://i.ytimg.com/vi/u3CRK7_aF2c/hqdefault.jpg","hoÃ ng hÃ´n,hoang hon,hoÃ ng hÃ´n official,hoÃ ng hÃ´n tiktok,tá»•ng há»£p tiktok,tá»•ng há»£p tik tok triá»‡u view,táº¥u hÃ i,tiktok,best of tiktok,tiktok 2024,tik tok,tiktok trend,tiktok viá»‡t nam,trÃ o lÆ°u tik tok,tá»•ng há»£p clip hÃ i tik tok,clip hÃ i tik tok,clip hÃ i tiktok,hot tiktok,hot tiktoker,tá»•ng há»£p trend tiktok,tiktok nhiá»u view nháº¥t,shorts,comedy,funny,trend tiktok,há»c sinh,Äu Trend Táº¯t ÄÃ¨n MÃ  Láº¡ Láº¯m",1580000,749,True,"0:00:17"
"24h Äeo KÃ­nh Thá»±c Táº¿ áº¢o - Nguyá»…n ChÃ­ Thanh.","Entertainment",5745222,74981,187,"2024-10-02 09:18:31","https://i.ytimg.com/vi/fuchP1pVgD8/hqdefault.jpg","24h Äeo KÃ­nh Thá»±c Táº¿ áº¢o,KÃ­nh Thá»±c Táº¿ áº¢o,HÃ i,CÆ°á»i,Coi Cáº¥m CÆ°á»i,CÆ°á»i Vá»¡ Bá»¥ng,Funny,Fun,Meme,Short,Short Video,Nguyá»…n ChÃ­ Thanh,NCT,NCT Vlogs,NCT Troll",1520000,192,False,"0:00:55"
"ã€æ–—ç½—å¤§é™†ã€‘å”è€å…­ç”µé‡ä¸è¶³ï¼Œè°èƒ½æ¥æ•‘æ•‘å¥¹å•Šï¼#æ–—ç½—å¤§é™†#å”è€å…­#å°èˆ","People & Blogs",33080617,1058244,1824,"2024-10-18 10:30:31","https://i.ytimg.com/vi/fi0uiZilJ2U/hqdefault.jpg","æ–—ç½—å¤§é™†,å°èˆ,å”ä¸‰,è§’è‰²æ‰®æ¼”,å‰§æƒ…æ¼”ç»,æç¬‘,èŒèŒä¸èˆæ¡,äº²å­",22700000,2962,False,"0:00:38"
"Chung káº¿t ÄÆ°á»ng lÃªn Ä‘á»‰nh Olympia nÄƒm thá»© 24: Nam sinh Huáº¿ VÆ°á»£t chÆ°á»›ng ngáº¡i váº­t khÃ´ng cáº§n gá»£i Ã½","Entertainment",783934,55530,562,"2024-10-13 03:13:01","https://i.ytimg.com/vi/3EQi5VN6KT0/hqdefault.jpg","vtv,tÃ¡o quÃ¢n,gáº·p nhau cuá»‘i tuáº§n,gameshow,vtv shows,vtv digital,giai tri so,vtv3,Giáº£i trÃ­ sá»‘,vtv24,vtv1,vtv go,Chuyá»‡n nhÃ  ÄÃ i,Giáº£i mÃ£ truyá»n hÃ¬nh,Äiá»ƒm tin,Ã‚m nháº¡c,Chung káº¿t ÄÆ°á»ng lÃªn Ä‘á»‰nh Olympia nÄƒm thá»© 24: Nam sinh Huáº¿ VÆ°á»£t chÆ°á»›ng ngáº¡i váº­t khÃ´ng cáº§n gá»£i Ã½,nam sinh Huáº¿,Chung káº¿t ÄÆ°á»ng len Ä‘á»‰nh Olympia 2024,Ä‘Æ°á»ng lÃªn Ä‘á»‰nh olympia,ÄÆ°á»ng lÃªn Ä‘á»‰nh Olympia 2024,Chung káº¿t Ä‘Æ°á»ng lÃªn Ä‘á»‰nh Olympia,Thá»«a ThiÃªn Huáº¿,VÃµ Quang PhÃº Äá»©c,PhÃº Äá»©c ÄÆ°á»ng lÃªn Ä‘á»‰nh Olympia",1170000,6880,True,"0:27:50"
"Bá»‹ trá»« Ä‘iá»ƒm, nam sinh Huáº¿ váº«n giÃ nh ngÃ´i vÃ´ Ä‘á»‹ch Chung káº¿t Ä‘Æ°á»ng lÃªn Ä‘á»‰nh Olympia 2024","Entertainment",680380,53999,342,"2024-10-13 04:22:13","https://i.ytimg.com/vi/x7KzOqRVto8/hqdefault.jpg","vtv,gameshow,vtv shows,vtv3,Giáº£i trÃ­ sá»‘,Chung káº¿t ÄÆ°á»ng lÃªn Ä‘á»‰nh Olympia nÄƒm thá»© 24: Nam sinh Huáº¿ VÆ°á»£t chÆ°á»›ng ngáº¡i váº­t khÃ´ng cáº§n gá»£i Ã½,nam sinh Huáº¿,Chung káº¿t ÄÆ°á»ng len Ä‘á»‰nh Olympia 2024,Ä‘Æ°á»ng lÃªn Ä‘á»‰nh olympia,ÄÆ°á»ng lÃªn Ä‘á»‰nh Olympia 2024,Chung káº¿t Ä‘Æ°á»ng lÃªn Ä‘á»‰nh Olympia,Thá»«a ThiÃªn Huáº¿,VÃµ Quang PhÃº Äá»©c,PhÃº Äá»©c ÄÆ°á»ng lÃªn Ä‘á»‰nh Olympia,Nam sinh Quá»‘c há»c Huáº¿ váº«n giÃ nh ngÃ´i vÃ´ Ä‘á»‹ch Chung káº¿t Ä‘Æ°á»ng lÃªn Ä‘á»‰nh Olympia 2024,NhÃ  vÃ´ Ä‘á»‹ch Olympia nÄƒm 2024,ÄÆ°á»ng lÃªn Ä‘á»‰nh Olympia",1170000,6880,True,"0:40:49"
"2 NgÃ y 1 ÄÃªm MÃ¹a 3-Táº­p 66: TrÆ°á»ng Giang diá»‡n Ä‘á»“ lÆ°á»›i cÃ¡, DÆ°Æ¡ng LÃ¢m rá»§ Cris Phan Ä‘i ""hÃ nh hÆ°Æ¡ng""","Entertainment",9712528,170092,7255,"2024-10-06 13:40:06","https://i.ytimg.com/vi/7MTAG5aXzYI/hqdefault.jpg","Ä‘Ã´ng tÃ¢y promotion,tvshow,gameshow,2 ngÃ y 1 Ä‘Ãªm,2 ngay 1 dem,2 ngÃ y 1 Ä‘Ãªm viá»‡t nam,2 ngay 1 dem viet nam,2 days 1 night,trÆ°á»ng giang,kiá»u minh tuáº¥n,cris phan,dÆ°Æ¡ng lÃ¢m,lÃª dÆ°Æ¡ng báº£o lÃ¢m,ngÃ´ kiáº¿n huy,duong lam,2 ngÃ y 1 Ä‘Ãªm full,bts 2 ngÃ y 1 Ä‘Ãªm,2 ngÃ y 1 Ä‘Ãªm mÃ¹a 3,2 ngay 1 dem mua 3,háº­u trÆ°á»ng 2 ngÃ y 1 Ä‘Ãªm mÃ¹a 3,HIEUTHUHAI,hai ngÃ y má»™t Ä‘Ãªm,hai ngÃ y má»™t Ä‘Ãªm mÃ¹a 3,2n1d,2 ngÃ y 1 Ä‘Ãªm mÃ¹a 3 táº­p 66,2 ngÃ y 1 Ä‘Ãªm mÃ¹a 3 táº­p 16,2 ngÃ y 1 Ä‘Ãªm táº­p 66",1320000,844,True,"1:52:36"
"Flying card unique skills incredible# trend life growth star# hello creator# bask in my autumn harv","People & Blogs",43496297,350865,1241,"2024-09-28 14:28:12","https://i.ytimg.com/vi/cPnsuPGsvUk/hqdefault.jpg","Card Throwing Skills,Card Tossing,Poker Tricks,Technique Tutorials,Innovative Methods,Middle Finger Snap,Manual Dexterity,Card Art,Entertainment Skills,Poker Card Tricks,Finger Agility,Card Performances,Skill Training,Card Control,Poker Skills,Performing Arts,Poker Card Magic,Unique Methods,Skill Demonstration,Card Games,Poker Practice,Proficiency in Techniques,Card Magic,Creative Performance,Agile Techniques,Card Challenges,Skill Tutorials",67400,836,True,"0:00:12"
"CÃ³ tuá»•i rá»“i, Ä‘u trend hong cÃ³ ná»•iâ€¦","Entertainment",1954990,32516,411,"2024-10-09 13:10:45","https://i.ytimg.com/vi/JkZBBDL6UMQ/hqdefault.jpg","linh chau,linh chÃ¢u tv,linh chÃ¢u tiktok,linh chÃ¢u,linh chau tiktok,tiktok linh chÃ¢u,linhchau127,linhchau12077,tiktok cá»§a linh chÃ¢u,tiktok cá»§a linh chau,tiktok gÃ¡i xinh,trai xinh gÃ¡i Ä‘áº¹p tiktok,tiktok genz,gÃ¡i xinh tiktok,linh chÃ¢u tiktok bikini,linh chÃ¢u vÃ  máº¹ kiá»u,linh chÃ¢u chá»‹ gÃ¡i báº¥t á»•n,chá»‹ gÃ¡i tÃ´i lÃ  sáº¿p,chá»‹ gÃ¡i báº¥t á»•n,linh chÃ¢u vÃ  chá»‹ gÃ¡i,linh chÃ¢u máº¹ kiá»u,linh chÃ¢u vÃ  em trai,chá»‹ chÃ¢u,minh chÃ¢u,linh chÃ¢u 12077,chá»‹ linh chÃ¢u,linhchau",1170000,565,False,"0:00:15"
"Find The Real MrBeast, Win $10,000","Entertainment",118750835,5496123,3968,"2024-10-05 16:00:00","https://i.ytimg.com/vi/Kt2HvqRruHQ/hqdefault.jpg","",324000000,823,True,"0:00:37"
"She hid sausages in watermelon by Tsuriki Show","Comedy",10292913,110042,47,"2024-10-12 04:55:00","https://i.ytimg.com/vi/BN4PcibvnvE/hqdefault.jpg","",33300000,4414,True,"0:00:20"
